Moneys,Names
21166,java后端
20166,java web
20711,java分布式
16333,python
25517,算法
17066,ruby
30633,自然语言处理
16333,python
23068,spark
22500,爬虫
20033,node.js
21233,java大数据
18183,node.js
29186,机器学习
17677,c
28233,数据挖掘
18183,node.js
21915,java大数据
19716,python爬虫
19186,c
17773,java实习
22233,大数据
17066,ruby
20033,node.js
16333,python
12666,delphi
22000,后端
23666,火币网
11100,asp.net
16855,嵌入式
19269,go
16855,嵌入式
21344,hadoop实习
21755,数据挖掘
16460,asp.net
20072,java架构师
27183,自然语言处理
15866,erlang
18166,php后端
18183,node.js
13850,运维
16816,web后端
23400,区块链研究员
11766,.net
15750,.net
17201,asp
15750,.net
24681,大数据架构师
20408,django
14991,c#.net
17823,java web实习
29033,机器学习
17255,node
17555,python
16855,嵌入式
15755,mysql
17911,全栈
22344,区块链产品经理
14900,游戏
16469,qt
14900,游戏
24074,大数据
20460,python后端
15402,php
18233,java服务端
12666,delphi
12666,delphi
25858,python
16408,lua
17666,web前端
15750,.net
16150,linux
20908,服务器
22875,人工智能
15772,android
16446,javascript
15772,android
23450,大数据运维
18016,python实习
16608,.net架构师
16688,java后端实习
14866,ruby
11866,asp
17033,php
22400,go
25758,算法
17146,全栈
18053,ios
14900,游戏
16333,ruby
21206,go
22780,go
14166,c实习
16971,全栈
14166,c实习
22828,数据
18047,python web
17377,go
13600,ruby
17516,web前端
18533,erlang
24363,数据分析
18216,docker
19988,php架构师
16522,dba
20737,c
22294,以太
14525,php
16682,erlang
14525,php
20090,大数据实习
18079,c
16700,erlang
15225,全栈
17122,javascript
19033,node
25344,深度学习
18057,react
20004,全栈
16495,python
20105,python
21504,数字货币
14418,qt
16617,cocos2d-x
14418,qt
20514,hadoop spark
18297,node.js
16626,javascript
15825,c
17216,rails
25933,搜索算法
17841,python
20020,android
15641,系统管理员
20225,c后台
20950,量化交易
17205,全栈
15910,javascript
17793,全栈
25237,数据
17677,django
20285,go
18602,后端实习
19992,区块链市场
17080,python
15971,python
17550,javascript
16679,lua
16422,mysql
16855,c
15687,flash
